"","origin_state","year","mean_distance","total_population","sum_dest_state_status","count_counties","pct_counties_dest_state_different"
"1","AK",2009,209.358261351724,0,0,348,0
"2","AK",2010,209.358261351724,0,0,348,0
"3","AK",2011,209.358261351724,0,0,348,0
"4","AK",2012,209.358261351724,0,0,348,0
"5","AK",2013,209.358261351724,0,0,348,0
"6","AK",2014,209.358261351724,0,0,348,0
"7","AK",2015,209.131514343103,0,0,348,0
"8","AK",2016,209.055932006897,0,0,348,0
"9","AK",2017,209.438010472414,0,0,348,0
"10","AK",2018,209.820088937931,0,0,348,0
"11","AK",2019,209.820088937931,0,0,348,0
"12","AK",2020,210.773676868966,0,0,348,0
"13","AK",2021,214.700237731034,0,0,348,0
"14","AK",2022,224.38049192931,0,0,348,0
"15","AL",2009,53.7531693895522,11544720,142,804,17.6616915422886
"16","AL",2010,54.0581590962687,11529012,146,804,18.1592039800995
"17","AL",2011,54.3232558552239,11509344,156,804,19.4029850746269
"18","AL",2012,54.4194254379353,11522868,144,804,17.910447761194
"19","AL",2013,54.4125849970149,11537772,144,804,17.910447761194
"20","AL",2014,61.4404726074627,11522760,186,804,23.134328358209
"21","AL",2015,58.3999455731343,11487336,144,804,17.910447761194
"22","AL",2016,54.1335228201493,11441460,144,804,17.910447761194
"23","AL",2017,59.2314067906716,11412888,180,804,22.3880597014925
"24","AL",2018,63.725172671393,11403120,171,804,21.2686567164179
"25","AL",2019,64.9412177771144,11407836,162,804,20.1492537313433
"26","AL",2020,59.835117694403,11419380,189,804,23.5074626865672
"27","AL",2021,54.1894294014925,11419380,144,804,17.910447761194
"28","AL",2022,102.711983411443,11419380,483,804,60.0746268656716
"29","AR",2009,79.4716600706667,6827076,264,900,29.3333333333333
"30","AR",2010,79.652478329,6845280,264,900,29.3333333333333
"31","AR",2011,79.90530244,6879072,264,900,29.3333333333333
"32","AR",2012,79.90530244,6900960,264,900,29.3333333333333
"33","AR",2013,80.52746904,6917196,252,900,28
"34","AR",2014,80.52746904,6924492,252,900,28
"35","AR",2015,80.52746904,6927372,252,900,28
"36","AR",2016,80.52746904,6924684,252,900,28
"37","AR",2017,80.71767068,6931692,252,900,28
"38","AR",2018,80.7810712266667,6938880,252,900,28
"39","AR",2019,85.7750764483333,6951768,292,900,32.4444444444444
"40","AR",2020,92.5215846164444,6974208,348,900,38.6666666666667
"41","AR",2021,92.031386332,6974208,348,900,38.6666666666667
"42","AR",2022,186.584150104889,6974208,618,900,68.6666666666667
"43","AZ",2009,76.7114087695555,15150768,14,180,7.77777777777778
"44","AZ",2010,75.7500368573333,15170076,12,180,6.66666666666667
"45","AZ",2011,87.1881549012222,15272496,24,180,13.3333333333333
"46","AZ",2012,108.376084004,15427104,48,180,26.6666666666667
"47","AZ",2013,108.291329337333,15569556,48,180,26.6666666666667
"48","AZ",2014,95.1416311706667,15754788,38,180,21.1111111111111
"49","AZ",2015,89.2838095006667,15903180,36,180,20
"50","AZ",2016,86.9781321906667,16096344,36,180,20
"51","AZ",2017,87.1532968573333,16273164,36,180,20
"52","AZ",2018,87.3396637795556,16528908,36,180,20
"53","AZ",2019,87.3553469373333,16826724,36,180,20
"54","AZ",2020,87.3002309373333,17110836,42,180,23.3333333333333
"55","AZ",2021,87.2315067373333,17110836,48,180,26.6666666666667
"56","AZ",2022,107.948996002,17110836,60,180,33.3333333333333
"57","CA",2009,34.1243342266667,94222464,83,696,11.9252873563218
"58","CA",2010,33.9674122051149,94629096,84,696,12.0689655172414
"59","CA",2011,34.7547305426149,95098404,80,696,11.4942528735632
"60","CA",2012,33.481863222069,95533548,72,696,10.3448275862069
"61","CA",2013,32.4586479250862,95933676,72,696,10.3448275862069
"62","CA",2014,31.9291192210345,96291084,72,696,10.3448275862069
"63","CA",2015,31.0112109962644,96529800,72,696,10.3448275862069
"64","CA",2016,30.3616909431034,96702564,72,696,10.3448275862069
"65","CA",2017,30.3798705201149,96798732,72,696,10.3448275862069
"66","CA",2018,30.1267315005747,96826812,78,696,11.2068965517241
"67","CA",2019,29.6775883022989,96642804,84,696,12.0689655172414
"68","CA",2020,29.0990390093391,96222852,75,696,10.7758620689655
"69","CA",2021,29.0676160793103,96222852,72,696,10.3448275862069
"70","CA",2022,28.8572936761494,96222852,79,696,11.3505747126437
"71","CO",2009,69.2034395046875,12247500,0,768,0
"72","CO",2010,69.4389650101563,12339012,0,768,0
"73","CO",2011,69.6965653515625,12506856,0,768,0
"74","CO",2012,69.6965653515625,12668760,0,768,0
"75","CO",2013,69.6965653515625,12841164,0,768,0
"76","CO",2014,69.6965653515625,13012476,0,768,0
"77","CO",2015,68.7517691334635,13265724,0,768,0
"78","CO",2016,69.4327449335938,13494648,0,768,0
"79","CO",2017,68.0661554765625,13697964,0,768,0
"80","CO",2018,68.0661554765625,13961304,0,768,0
"81","CO",2019,68.0661554765625,14162112,0,768,0
"82","CO",2020,67.0310109682292,14336736,0,768,0
"83","CO",2021,65.757916959375,14336736,0,768,0
"84","CO",2022,75.6503256955729,14336736,9,768,1.171875
"85","CT",2009,10.35965605,8339160,0,96,0
"86","CT",2010,10.3486267,8303292,0,96,0
"87","CT",2011,10.33759735,8273016,0,96,0
"88","CT",2012,10.19777585,8249544,0,96,0
"89","CT",2013,10.09790335,8212008,0,96,0
"90","CT",2014,10.09790335,8180700,0,96,0
"91","CT",2015,10.1333214958333,8125380,0,96,0
"92","CT",2016,10.310412225,8071668,0,96,0
"93","CT",2017,10.310412225,8049516,0,96,0
"94","CT",2018,10.155962725,8054160,0,96,0
"95","CT",2019,10.001513225,8045712,0,96,0
"96","CT",2020,10.3845950427083,8039808,0,96,0
"97","CT",2021,10.9209095875,8039808,0,96,0
"98","CT",2022,10.9209095875,8039808,0,96,0
"99","DC",2009,2.0971277,1888608,0,12,0
"100","DC",2010,2.0971277,1960200,0,12,0
"101","DC",2011,2.0971277,2008080,0,12,0
"102","DC",2012,2.0971277,2058060,0,12,0
"103","DC",2013,2.0971277,2101212,0,12,0
"104","DC",2014,2.0971277,2134896,0,12,0
"105","DC",2015,2.1424878,2182128,0,12,0
"106","DC",2016,1.9043473,2215200,0,12,0
"107","DC",2017,1.0538455,2250756,0,12,0
"108","DC",2018,1.0538455,2272536,0,12,0
"109","DC",2019,1.0538455,2291928,0,12,0
"110","DC",2020,1.0538455,2307756,0,12,0
"111","DC",2021,1.0538455,2307756,0,12,0
"112","DC",2022,1.0538455,2307756,0,12,0
"113","DE",2009,15.9972015333333,2155320,0,36,0
"114","DE",2010,15.9972015333333,2149860,0,36,0
"115","DE",2011,13.4837545333333,2151624,12,36,33.3333333333333
"116","DE",2012,13.4837545333333,2149596,12,36,33.3333333333333
"117","DE",2013,13.4837545333333,2154996,12,36,33.3333333333333
"118","DE",2014,13.4837545333333,2157912,12,36,33.3333333333333
"119","DE",2015,15.1593858666667,2156820,4,36,11.1111111111111
"120","DE",2016,15.9972015333333,2148132,0,36,0
"121","DE",2017,15.9972015333333,2147700,0,36,0
"122","DE",2018,15.9972015333333,2153784,0,36,0
"123","DE",2019,15.9972015333333,2169324,0,36,0
"124","DE",2020,15.9972015333333,2188656,0,36,0
"125","DE",2021,15.9972015333333,2188656,0,36,0
"126","DE",2022,8.84998286666667,2188656,0,36,0
"127","FL",2009,36.2477000373632,42732276,0,804,0
"128","FL",2010,35.8887770152985,42777624,0,804,0
"129","FL",2011,35.8293387223881,42982320,0,804,0
"130","FL",2012,35.9280161604478,43373532,0,804,0
"131","FL",2013,35.8901620053731,43775604,0,804,0
"132","FL",2014,35.8039899940298,44245656,0,804,0
"133","FL",2015,35.5886825609453,44818044,0,804,0
"134","FL",2016,36.3406560890547,45456552,0,804,0
"135","FL",2017,37.059560889801,46020528,0,804,0
"136","FL",2018,41.3419909522388,46418820,14,804,1.74129353233831
"137","FL",2019,42.653449659204,46747296,20,804,2.48756218905473
"138","FL",2020,37.3575183257463,47082060,0,804,0
"139","FL",2021,37.5922953348259,47082060,0,804,0
"140","FL",2022,42.6386819488806,47082060,2,804,0.248756218905473
"141","GA",2009,62.6501131969078,24895068,444,1908,23.2704402515723
"142","GA",2010,62.2172627149371,24892704,437,1908,22.9035639412998
"143","GA",2011,61.9223475018868,24928224,432,1908,22.6415094339623
"144","GA",2012,61.9104036916143,25054200,432,1908,22.6415094339623
"145","GA",2013,62.5261698477987,25098180,432,1908,22.6415094339623
"146","GA",2014,62.2189714308176,25223664,428,1908,22.4318658280922
"147","GA",2015,62.1275458899371,25374768,432,1908,22.6415094339623
"148","GA",2016,62.3845174310273,25574280,432,1908,22.6415094339623
"149","GA",2017,62.3630094490042,25748448,432,1908,22.6415094339623
"150","GA",2018,61.8935209066038,25932312,432,1908,22.6415094339623
"151","GA",2019,61.5834409003145,26192568,421,1908,22.0649895178197
"152","GA",2020,61.5636403830189,26368620,420,1908,22.0125786163522
"153","GA",2021,61.5636403830189,26368620,420,1908,22.0125786163522
"154","GA",2022,63.0023647868973,26368620,438,1908,22.9559748427673
"155","HI",2009,37.30886106,0,0,60,0
"156","HI",2010,37.30886106,0,0,60,0
"157","HI",2011,37.30886106,0,0,60,0
"158","HI",2012,37.30886106,0,0,60,0
"159","HI",2013,37.30886106,0,0,60,0
"160","HI",2014,38.48946181,0,0,60,0
"161","HI",2015,51.47607006,0,0,60,0
"162","HI",2016,51.47607006,0,0,60,0
"163","HI",2017,51.47607006,0,0,60,0
"164","HI",2018,51.47607006,0,0,60,0
"165","HI",2019,51.47607006,0,0,60,0
"166","HI",2020,51.47607006,0,0,60,0
"167","HI",2021,53.5533024333333,0,0,60,0
"168","HI",2022,53.74214174,0,0,60,0
"169","IA",2009,50.7717750709933,6927612,120,1188,10.1010101010101
"170","IA",2010,41.5508902293266,6924936,50,1188,4.20875420875421
"171","IA",2011,40.7114560835354,6955800,108,1188,9.09090909090909
"172","IA",2012,40.1133267060269,6968748,96,1188,8.08080808080808
"173","IA",2013,45.3189564379293,7016244,123,1188,10.3535353535354
"174","IA",2014,50.0509615507576,7050600,160,1188,13.4680134680135
"175","IA",2015,52.1574458805051,7067328,180,1188,15.1515151515152
"176","IA",2016,53.9815803687205,7077924,120,1188,10.1010101010101
"177","IA",2017,57.7381216367172,7100760,156,1188,13.1313131313131
"178","IA",2018,62.2226327914141,7120056,210,1188,17.6767676767677
"179","IA",2019,61.643354859596,7157544,264,1188,22.2222222222222
"180","IA",2020,59.598685974596,7175064,228,1188,19.1919191919192
"181","IA",2021,58.8654931931313,7175064,201,1188,16.9191919191919
"182","IA",2022,63.1061508471717,7175064,204,1188,17.1717171717172
"183","ID",2009,80.8684242795455,3671616,264,528,50
"184","ID",2010,80.8601533704545,3678348,264,528,50
"185","ID",2011,80.8436115522727,3699864,264,528,50
"186","ID",2012,80.8143705674242,3714384,264,528,50
"187","ID",2013,80.144906632197,3739704,264,528,50
"188","ID",2014,79.8038032204545,3775392,264,528,50
"189","ID",2015,79.8038032204545,3811188,264,528,50
"190","ID",2016,72.1977024079546,3887652,264,528,50
"191","ID",2017,71.5152485462121,3972732,264,528,50
"192","ID",2018,71.5332682431818,4056180,264,528,50
"193","ID",2019,71.5332682431818,4150548,264,528,50
"194","ID",2020,71.5332682431818,4240404,264,528,50
"195","ID",2021,71.5332682431818,4240404,264,528,50
"196","ID",2022,93.2599569234849,4240404,353,528,66.8560606060606
"197","IL",2009,66.0659819892157,31694052,228,1224,18.6274509803922
"198","IL",2010,61.0499903779412,31566420,180,1224,14.7058823529412
"199","IL",2011,58.9475108078431,31485120,156,1224,12.7450980392157
"200","IL",2012,56.7958395166667,31385796,201,1224,16.421568627451
"201","IL",2013,58.3614664372549,31297020,228,1224,18.6274509803922
"202","IL",2014,58.3614664372549,31131684,228,1224,18.6274509803922
"203","IL",2015,57.2511308980392,30894288,228,1224,18.6274509803922
"204","IL",2016,56.4235334715686,30602040,216,1224,17.6470588235294
"205","IL",2017,57.5550422406863,30365040,204,1224,16.6666666666667
"206","IL",2018,60.4256898562092,30155760,133,1224,10.8660130718954
"207","IL",2019,60.4012473245098,29970996,131,1224,10.702614379085
"208","IL",2020,59.8305359145425,29720076,140,1224,11.437908496732
"209","IL",2021,59.7844838720588,29720076,141,1224,11.5196078431373
"210","IL",2022,58.2171217305556,29720076,114,1224,9.31372549019608
"211","IN",2009,45.2726998438043,15489684,264,1104,23.9130434782609
"212","IN",2010,45.0191685811232,15450192,262,1104,23.731884057971
"213","IN",2011,42.2303246916304,15454932,240,1104,21.7391304347826
"214","IN",2012,42.2303246916304,15453048,240,1104,21.7391304347826
"215","IN",2013,42.2303246916304,15508644,240,1104,21.7391304347826
"216","IN",2014,48.2172969023188,15538728,279,1104,25.2717391304348
"217","IN",2015,49.157313842808,15518412,296,1104,26.8115942028986
"218","IN",2016,51.833069403587,15529380,384,1104,34.7826086956522
"219","IN",2017,51.8390331861956,15548580,384,1104,34.7826086956522
"220","IN",2018,51.8390331861956,15636336,384,1104,34.7826086956522
"221","IN",2019,50.4979317405435,15721212,336,1104,30.4347826086957
"222","IN",2020,49.1138695775,15768876,288,1104,26.0869565217391
"223","IN",2021,48.8162648601087,15768876,300,1104,27.1739130434783
"224","IN",2022,50.5354604968841,15768876,247,1104,22.3731884057971
"225","KS",2009,157.385702616667,6642840,545,1260,43.2539682539683
"226","KS",2010,175.9890548,6665280,720,1260,57.1428571428571
"227","KS",2011,175.921482133333,6679140,720,1260,57.1428571428571
"228","KS",2012,176.073096198413,6707160,720,1260,57.1428571428571
"229","KS",2013,146.209592487619,6720528,440,1260,34.9206349206349
"230","KS",2014,131.543812370317,6722892,355,1260,28.1746031746032
"231","KS",2015,131.788023186508,6737592,420,1260,33.3333333333333
"232","KS",2016,131.488950591429,6730164,298,1260,23.6507936507936
"233","KS",2017,131.031742276667,6715752,330,1260,26.1904761904762
"234","KS",2018,130.895585993333,6739872,400,1260,31.7460317460317
"235","KS",2019,131.112834215556,6746424,300,1260,23.8095238095238
"236","KS",2020,131.142664494127,6751728,300,1260,23.8095238095238
"237","KS",2021,131.120613169524,6751728,300,1260,23.8095238095238
"238","KS",2022,131.972433416825,6751728,248,1260,19.6825396825397
"239","KY",2009,75.197331865,10278048,648,1440,45
"240","KY",2010,75.1713636775,10274196,648,1440,45
"241","KY",2011,75.16285604,10280664,648,1440,45
"242","KY",2012,75.16285604,10262244,648,1440,45
"243","KY",2013,75.1635654566667,10271664,648,1440,45
"244","KY",2014,75.1635654566667,10245528,648,1440,45
"245","KY",2015,75.1635654566667,10228428,648,1440,45
"246","KY",2016,75.1635654566667,10191384,648,1440,45
"247","KY",2017,89.8019247947222,10194276,912,1440,63.3333333333333
"248","KY",2018,91.1680416688889,10190592,936,1440,65
"249","KY",2019,92.2525696355556,10198464,893,1440,62.0138888888889
"250","KY",2020,90.29131277625,10195332,936,1440,65
"251","KY",2021,90.2971847,10195332,936,1440,65
"252","KY",2022,105.993339250694,10195332,1136,1440,78.8888888888889
"253","LA",2009,65.975018825,11099772,132,768,17.1875
"254","LA",2010,65.975018825,11160720,132,768,17.1875
"255","LA",2011,65.9993979300781,11196216,132,768,17.1875
"256","LA",2012,66.0725352453125,11229648,132,768,17.1875
"257","LA",2013,66.0725352453125,11258832,132,768,17.1875
"258","LA",2014,69.180303753125,11274576,87,768,11.328125
"259","LA",2015,70.2162265890625,11280264,72,768,9.375
"260","LA",2016,70.8681808091146,11258604,72,768,9.375
"261","LA",2017,71.5858183226563,11186616,72,768,9.375
"262","LA",2018,71.7815672125,11130744,72,768,9.375
"263","LA",2019,71.7815672125,11092716,72,768,9.375
"264","LA",2020,71.7815672125,11051856,72,768,9.375
"265","LA",2021,71.7815672125,11051856,72,768,9.375
"266","LA",2022,234.108882241146,11051856,362,768,47.1354166666667
"267","MA",2009,28.1729329216667,16245900,12,168,7.14285714285714
"268","MA",2010,28.0898060704762,16254864,12,168,7.14285714285714
"269","MA",2011,27.6632236478571,16291032,12,168,7.14285714285714
"270","MA",2012,27.6632236478571,16325916,12,168,7.14285714285714
"271","MA",2013,27.6632236478571,16412400,12,168,7.14285714285714
"272","MA",2014,27.461145005,16492488,12,168,7.14285714285714
"273","MA",2015,27.461145005,16513824,12,168,7.14285714285714
"274","MA",2016,27.461145005,16539132,12,168,7.14285714285714
"275","MA",2017,27.2566250996429,16630080,12,168,7.14285714285714
"276","MA",2018,27.1884517978571,16701960,12,168,7.14285714285714
"277","MA",2019,27.1760242264286,16752456,12,168,7.14285714285714
"278","MA",2020,27.1698104407143,16743924,12,168,7.14285714285714
"279","MA",2021,27.1698104407143,16743924,12,168,7.14285714285714
"280","MA",2022,27.2986339764286,16743924,12,168,7.14285714285714
"281","MD",2009,31.4659524916667,14308560,72,288,25
"282","MD",2010,31.889546428125,14331348,78,288,27.0833333333333
"283","MD",2011,24.7101459666667,14353284,48,288,16.6666666666667
"284","MD",2012,24.7352338,14369412,48,288,16.6666666666667
"285","MD",2013,24.7352338,14367576,48,288,16.6666666666667
"286","MD",2014,24.7352338,14352108,48,288,16.6666666666667
"287","MD",2015,26.9601610704861,14329020,52,288,18.0555555555556
"288","MD",2016,27.9373340465278,14260344,48,288,16.6666666666667
"289","MD",2017,28.46897534375,14246844,48,288,16.6666666666667
"290","MD",2018,28.5767055625,14247612,48,288,16.6666666666667
"291","MD",2019,28.2096930993056,14263164,48,288,16.6666666666667
"292","MD",2020,27.79193963125,14250180,48,288,16.6666666666667
"293","MD",2021,27.8342015069444,14250180,48,288,16.6666666666667
"294","MD",2022,23.1428923333333,14250180,72,288,25
"295","ME",2009,42.100421953125,2941320,0,192,0
"296","ME",2010,44.6350336875,2893392,0,192,0
"297","ME",2011,44.6350336875,2868636,0,192,0
"298","ME",2012,45.13395579375,2840124,0,192,0
"299","ME",2013,45.13395579375,2818344,0,192,0
"300","ME",2014,45.13395579375,2811624,0,192,0
"301","ME",2015,35.990051975,2788752,0,192,0
"302","ME",2016,16.1657351375,2780748,0,192,0
"303","ME",2017,10.8753939,2774496,0,192,0
"304","ME",2018,10.8753939,2782812,0,192,0
"305","ME",2019,10.8753939,2797908,0,192,0
"306","ME",2020,10.7003290427083,2813856,0,192,0
"307","ME",2021,8.74558591822917,2813856,0,192,0
"308","ME",2022,9.54042645625,2813856,0,192,0
"309","MI",2009,54.073170313253,23264892,108,996,10.8433734939759
"310","MI",2010,54.0838709759036,22970040,108,996,10.8433734939759
"311","MI",2011,54.2246526670683,22866552,108,996,10.8433734939759
"312","MI",2012,55.7557419706827,22801968,114,996,11.4457831325301
"313","MI",2013,57.6103606381526,22767576,122,996,12.2489959839357
"314","MI",2014,58.7435798951807,22723140,108,996,10.8433734939759
"315","MI",2015,58.925032938755,22620264,99,996,9.93975903614458
"316","MI",2016,58.2038313566265,22565508,36,996,3.6144578313253
"317","MI",2017,55.2541753512048,22559016,36,996,3.6144578313253
"318","MI",2018,53.8837838120482,22556868,36,996,3.6144578313253
"319","MI",2019,53.7108561805221,22540368,48,996,4.81927710843374
"320","MI",2020,48.5746810918675,22480164,60,996,6.02409638554217
"321","MI",2021,47.1893614710843,22480164,48,996,4.81927710843374
"322","MI",2022,47.1944821831325,22480164,48,996,4.81927710843374
"323","MN",2009,83.3963919689655,12606228,462,1044,44.2528735632184
"324","MN",2010,81.4681277121264,12540936,477,1044,45.6896551724138
"325","MN",2011,75.8923564443678,12544800,444,1044,42.5287356321839
"326","MN",2012,76.0820960397701,12545772,444,1044,42.5287356321839
"327","MN",2013,77.9944145883333,12585936,417,1044,39.9425287356322
"328","MN",2014,78.6235469788506,12622020,408,1044,39.0804597701149
"329","MN",2015,78.6235469788506,12630348,408,1044,39.0804597701149
"330","MN",2016,85.2721877007663,12678600,444,1044,42.5287356321839
"331","MN",2017,85.2738684287356,12773388,444,1044,42.5287356321839
"332","MN",2018,83.6211526304406,12881940,435,1044,41.6666666666667
"333","MN",2019,78.7419217489655,12992544,408,1044,39.0804597701149
"334","MN",2020,78.5789832202299,13049460,396,1044,37.9310344827586
"335","MN",2021,77.9725998868965,13049460,384,1044,36.7816091954023
"336","MN",2022,80.2879552844061,13049460,278,1044,26.6283524904215
"337","MO",2009,88.9355540633333,14159280,637,1380,46.1594202898551
"338","MO",2010,87.3523568756522,14124252,660,1380,47.8260869565217
"339","MO",2011,91.1388208878261,14106456,720,1380,52.1739130434783
"340","MO",2012,89.658392382029,14087760,724,1380,52.463768115942
"341","MO",2013,87.5936165217391,14090820,696,1380,50.4347826086956
"342","MO",2014,88.5064611942029,14084976,616,1380,44.6376811594203
"343","MO",2015,89.4260796831884,14075880,522,1380,37.8260869565217
"344","MO",2016,105.160206951304,14046732,936,1380,67.8260869565217
"345","MO",2017,103.271376284928,14067396,833,1380,60.3623188405797
"346","MO",2018,94.5547411198551,14091924,560,1380,40.5797101449275
"347","MO",2019,109.910302333188,14141772,924,1380,66.9565217391304
"348","MO",2020,113.654235261449,14172552,900,1380,65.2173913043478
"349","MO",2021,113.570676612174,14172552,900,1380,65.2173913043478
"350","MO",2022,114.843863962609,14172552,1140,1380,82.6086956521739
"351","MS",2009,76.7495129280488,7271652,576,984,58.5365853658537
"352","MS",2010,76.6295996048781,7249716,576,984,58.5365853658537
"353","MS",2011,76.5096862817073,7243812,576,984,58.5365853658537
"354","MS",2012,76.5096862817073,7234752,576,984,58.5365853658537
"355","MS",2013,76.694869952439,7238040,576,984,58.5365853658537
"356","MS",2014,76.7543851963415,7219188,576,984,58.5365853658537
"357","MS",2015,79.076646350813,7194528,544,984,55.2845528455285
"358","MS",2016,77.0439582654472,7155180,556,984,56.5040650406504
"359","MS",2017,79.8064643965447,7114332,525,984,53.3536585365854
"360","MS",2018,81.2384774727642,7045332,509,984,51.7276422764228
"361","MS",2019,81.479080753252,7015656,506,984,51.4227642276423
"362","MS",2020,80.804102350813,6974352,516,984,52.4390243902439
"363","MS",2021,77.1381337573171,6974352,552,984,56.0975609756098
"364","MS",2022,174.022717297459,6974352,711,984,72.2560975609756
"365","MT",2009,128.355721595179,2159004,0,672,0
"366","MT",2010,114.940010820179,2158728,0,672,0
"367","MT",2011,114.940010820179,2173632,0,672,0
"368","MT",2012,114.940010820179,2185164,0,672,0
"369","MT",2013,116.19826253,2210748,0,672,0
"370","MT",2014,122.695825344286,2225508,9,672,1.33928571428571
"371","MT",2015,122.925395952321,2240688,12,672,1.78571428571429
"372","MT",2016,122.925395952321,2264052,12,672,1.78571428571429
"373","MT",2017,122.941803083274,2299884,12,672,1.78571428571429
"374","MT",2018,120.176449919583,2325084,2,672,0.297619047619048
"375","MT",2019,119.616816434464,2353308,0,672,0
"376","MT",2020,119.616816434464,2384784,0,672,0
"377","MT",2021,119.616816434464,2384784,0,672,0
"378","MT",2022,120.225217220179,2384784,0,672,0
"379","NC",2009,45.378492561,23364552,234,1200,19.5
"380","NC",2010,45.56795323725,23431848,228,1200,19
"381","NC",2011,45.750181171,23500164,228,1200,19
"382","NC",2012,45.753271461,23589684,228,1200,19
"383","NC",2013,45.9583503139167,23717532,228,1200,19
"384","NC",2014,48.5029175595,23812392,300,1200,25
"385","NC",2015,47.6381149528333,23902020,276,1200,23
"386","NC",2016,49.3136797606667,24095844,238,1200,19.8333333333333
"387","NC",2017,49.987128082,24265440,240,1200,20
"388","NC",2018,49.939033938,24487572,240,1200,20
"389","NC",2019,49.7972640006667,24712308,240,1200,20
"390","NC",2020,49.6039994979167,24921576,240,1200,20
"391","NC",2021,49.62631190275,24921576,240,1200,20
"392","NC",2022,49.8101171533333,24921576,230,1200,19.1666666666667
"393","ND",2009,206.543456024528,1541148,84,636,13.2075471698113
"394","ND",2010,206.543456024528,1555128,84,636,13.2075471698113
"395","ND",2011,206.543456024528,1582008,84,636,13.2075471698113
"396","ND",2012,206.543456024528,1625820,84,636,13.2075471698113
"397","ND",2013,206.543456024528,1686612,84,636,13.2075471698113
"398","ND",2014,206.543456024528,1723764,84,636,13.2075471698113
"399","ND",2015,206.543456024528,1766460,84,636,13.2075471698113
"400","ND",2016,206.543456024528,1761936,84,636,13.2075471698113
"401","ND",2017,206.543456024528,1765860,84,636,13.2075471698113
"402","ND",2018,206.543456024528,1776084,84,636,13.2075471698113
"403","ND",2019,206.543456024528,1785732,84,636,13.2075471698113
"404","ND",2020,206.543456024528,1790664,84,636,13.2075471698113
"405","ND",2021,206.543456024528,1790664,84,636,13.2075471698113
"406","ND",2022,207.760206640881,1790664,268,636,42.1383647798742
"407","NE",2009,135.955114933333,4248876,456,1116,40.8602150537634
"408","NE",2010,135.795179793548,4264428,480,1116,43.010752688172
"409","NE",2011,135.442720933871,4284444,468,1116,41.9354838709677
"410","NE",2012,135.592933244086,4306548,444,1116,39.7849462365591
"411","NE",2013,135.631360844086,4331952,444,1116,39.7849462365591
"412","NE",2014,135.631360844086,4359180,444,1116,39.7849462365591
"413","NE",2015,133.525741166667,4381296,444,1116,39.7849462365591
"414","NE",2016,133.525741166667,4413792,444,1116,39.7849462365591
"415","NE",2017,137.11787144086,4436556,390,1116,34.9462365591398
"416","NE",2018,140.710001715054,4468728,336,1116,30.1075268817204
"417","NE",2019,140.710001715054,4488060,336,1116,30.1075268817204
"418","NE",2020,137.11787144086,4506192,390,1116,34.9462365591398
"419","NE",2021,133.525741166667,4506192,444,1116,39.7849462365591
"420","NE",2022,139.520215743369,4506192,476,1116,42.6523297491039
"421","NH",2009,33.75232384,3037452,48,120,40
"422","NH",2010,33.6799703316667,2995608,48,120,40
"423","NH",2011,29.78455811,2978148,36,120,30
"424","NH",2012,29.96407241,2960412,36,120,30
"425","NH",2013,29.96407241,2943936,36,120,30
"426","NH",2014,29.96407241,2939124,36,120,30
"427","NH",2015,30.00483431,2924016,48,120,40
"428","NH",2016,28.11876531,2921532,48,120,40
"429","NH",2017,27.74155151,2930052,48,120,40
"430","NH",2018,27.74155151,2934348,48,120,40
"431","NH",2019,27.74155151,2956704,48,120,40
"432","NH",2020,27.74155151,2967576,48,120,40
"433","NH",2021,26.6599513433333,2967576,58,120,48.3333333333333
"434","NH",2022,27.41707146,2967576,51,120,42.5
"435","NJ",2009,16.3884283138095,20925588,48,252,19.047619047619
"436","NJ",2010,16.3884283138095,20837292,48,252,19.047619047619
"437","NJ",2011,16.3841230987302,20734632,48,252,19.047619047619
"438","NJ",2012,15.4144289930952,20615088,48,252,19.047619047619
"439","NJ",2013,14.4896069152381,20512080,48,252,19.047619047619
"440","NJ",2014,13.7006206850794,20396280,30,252,11.9047619047619
"441","NJ",2015,10.1962969573016,20285076,12,252,4.76190476190476
"442","NJ",2016,9.40486239460317,20166552,12,252,4.76190476190476
"443","NJ",2017,9.54852236285714,20153028,12,252,4.76190476190476
"444","NJ",2018,9.54852236285714,20117064,12,252,4.76190476190476
"445","NJ",2019,9.50870529301587,20108160,12,252,4.76190476190476
"446","NJ",2020,9.51830448547619,20058780,12,252,4.76190476190476
"447","NJ",2021,9.54804892952381,20058780,12,252,4.76190476190476
"448","NJ",2022,9.72813807444444,20058780,18,252,7.14285714285714
"449","NM",2009,102.598532360606,4766532,120,396,30.3030303030303
"450","NM",2010,102.598532360606,4793688,120,396,30.3030303030303
"451","NM",2011,102.61575499697,4820916,120,396,30.3030303030303
"452","NM",2012,102.502822375758,4824216,120,396,30.3030303030303
"453","NM",2013,98.6059339689394,4826892,92,396,23.2323232323232
"454","NM",2014,107.201946562121,4804440,60,396,15.1515151515152
"455","NM",2015,107.164847812121,4789008,60,396,15.1515151515152
"456","NM",2016,107.08206440303,4781292,60,396,15.1515151515152
"457","NM",2017,107.08206440303,4767912,60,396,15.1515151515152
"458","NM",2018,107.128055185859,4768572,60,396,15.1515151515152
"459","NM",2019,107.091262559596,4788492,60,396,15.1515151515152
"460","NM",2020,107.736665084848,4812660,42,396,10.6060606060606
"461","NM",2021,107.954865312121,4812660,36,396,9.09090909090909
"462","NM",2022,113.793906495202,4812660,48,396,12.1212121212121
"463","NV",2009,115.322553934118,6598944,36,204,17.6470588235294
"464","NV",2010,115.173305698824,6593952,36,204,17.6470588235294
"465","NV",2011,115.100550551765,6576792,36,204,17.6470588235294
"466","NV",2012,115.027795404706,6622896,36,204,17.6470588235294
"467","NV",2013,115.027795404706,6662244,36,204,17.6470588235294
"468","NV",2014,115.113544816471,6730992,36,204,17.6470588235294
"469","NV",2015,115.113544816471,6811356,36,204,17.6470588235294
"470","NV",2016,115.113544816471,6890472,36,204,17.6470588235294
"471","NV",2017,115.113544816471,6991248,36,204,17.6470588235294
"472","NV",2018,115.113544816471,7118868,36,204,17.6470588235294
"473","NV",2019,115.113544816471,7261308,36,204,17.6470588235294
"474","NV",2020,114.659274522353,7365840,36,204,17.6470588235294
"475","NV",2021,114.568420463529,7365840,36,204,17.6470588235294
"476","NV",2022,116.156596541961,7365840,32,204,15.6862745098039
"477","NY",2009,20.6937053727419,48647232,12,744,1.61290322580645
"478","NY",2010,20.6893499277151,48544716,12,744,1.61290322580645
"479","NY",2011,20.6557791818817,48528444,12,744,1.61290322580645
"480","NY",2012,18.5789319899462,48443808,12,744,1.61290322580645
"481","NY",2013,16.5174294872581,48320232,12,744,1.61290322580645
"482","NY",2014,16.5396585445161,48107184,12,744,1.61290322580645
"483","NY",2015,16.088219034543,47771160,23,744,3.09139784946237
"484","NY",2016,15.537196401129,47397168,24,744,3.2258064516129
"485","NY",2017,15.7865358059946,47069112,23,744,3.09139784946237
"486","NY",2018,15.8964475132796,46808052,12,744,1.61290322580645
"487","NY",2019,15.6324324014516,46501356,12,744,1.61290322580645
"488","NY",2020,14.9777752519892,46029276,12,744,1.61290322580645
"489","NY",2021,16.3140882484946,46029276,12,744,1.61290322580645
"490","NY",2022,16.4101377049462,46029276,12,744,1.61290322580645
"491","OH",2009,43.9250402125,27021480,204,1056,19.3181818181818
"492","OH",2010,44.5690655851326,26801808,205,1056,19.4128787878788
"493","OH",2011,45.2946924916667,26688144,216,1056,20.4545454545455
"494","OH",2012,45.3838963393939,26579724,216,1056,20.4545454545455
"495","OH",2013,45.4877241564394,26595900,216,1056,20.4545454545455
"496","OH",2014,48.334783422822,26571144,128,1056,12.1212121212121
"497","OH",2015,49.3991933795455,26521056,120,1056,11.3636363636364
"498","OH",2016,49.3991933795455,26455248,120,1056,11.3636363636364
"499","OH",2017,49.9288269581439,26482224,120,1056,11.3636363636364
"500","OH",2018,49.8406193052083,26514768,120,1056,11.3636363636364
"501","OH",2019,49.0521574477273,26579844,120,1056,11.3636363636364
"502","OH",2020,49.1364456508523,26571900,120,1056,11.3636363636364
"503","OH",2021,49.1856323056818,26571900,132,1056,12.5
"504","OH",2022,49.8272945746212,26571900,112,1056,10.6060606060606
"505","OK",2009,88.5667580012987,8793468,159,924,17.2077922077922
"506","OK",2010,89.0142932285714,8861676,144,924,15.5844155844156
"507","OK",2011,89.1339871831169,8932356,144,924,15.5844155844156
"508","OK",2012,89.1339871831169,9003168,144,924,15.5844155844156
"509","OK",2013,88.5719850705628,9095064,168,924,18.1818181818182
"510","OK",2014,88.4348313703463,9154380,180,924,19.4805194805195
"511","OK",2015,93.4698583064935,9226752,192,924,20.7792207792208
"512","OK",2016,92.4473652258658,9244980,191,924,20.6709956709957
"513","OK",2017,88.3442886506493,9236496,180,924,19.4805194805195
"514","OK",2018,89.0493560271645,9258468,187,924,20.2380952380952
"515","OK",2019,89.9362154939394,9310776,172,924,18.6147186147186
"516","OK",2020,90.7107950393939,9372480,144,924,15.5844155844156
"517","OK",2021,90.682738897619,9372480,160,924,17.3160173160173
"518","OK",2022,165.984469583874,9372480,609,924,65.9090909090909
"519","OR",2009,62.884956225,9034800,108,432,25
"520","OR",2010,62.8682309854167,9057792,108,432,25
"521","OR",2011,63.0161605166667,9144564,108,432,25
"522","OR",2012,63.45841719375,9198252,108,432,25
"523","OR",2013,63.3217599634259,9231684,108,432,25
"524","OR",2014,64.4786827766204,9310548,108,432,25
"525","OR",2015,64.9610106921296,9413172,108,432,25
"526","OR",2016,64.8499390916667,9614772,108,432,25
"527","OR",2017,64.8499390916667,9752940,108,432,25
"528","OR",2018,62.7962441861111,9848856,102,432,23.6111111111111
"529","OR",2019,59.9968089236111,9942156,96,432,22.2222222222222
"530","OR",2020,63.2376003416667,10004124,105,432,24.3055555555556
"531","OR",2021,64.0570822087963,10004124,108,432,25
"532","OR",2022,63.1054089324074,10004124,101,432,23.3796296296296
"533","PA",2009,49.1180203313433,29419332,312,804,38.8059701492537
"534","PA",2010,50.662884281592,29292048,279,804,34.7014925373134
"535","PA",2011,50.7343411701493,29233344,276,804,34.3283582089552
"536","PA",2012,50.4052253952736,29131464,265,804,32.9601990049751
"537","PA",2013,50.5792966261194,29024688,264,804,32.8358208955224
"538","PA",2014,50.3095968339552,28917828,269,804,33.4577114427861
"539","PA",2015,50.087989941791,28752480,276,804,34.3283582089552
"540","PA",2016,50.087989941791,28598136,276,804,34.3283582089552
"541","PA",2017,50.2030409616915,28548036,271,804,33.7064676616915
"542","PA",2018,50.2648519119403,28586544,271,804,33.7064676616915
"543","PA",2019,50.2103837768657,28568868,276,804,34.3283582089552
"544","PA",2020,47.7210161901493,28569372,240,804,29.8507462686567
"545","PA",2021,47.2467422013433,28569372,216,804,26.865671641791
"546","PA",2022,47.2852996714925,28569372,216,804,26.865671641791
"547","RI",2009,17.64172232,2600040,0,60,0
"548","RI",2010,17.64172232,2575404,0,60,0
"549","RI",2011,17.64172232,2557416,0,60,0
"550","RI",2012,17.64172232,2545140,0,60,0
"551","RI",2013,17.64172232,2532540,0,60,0
"552","RI",2014,17.64172232,2524752,0,60,0
"553","RI",2015,17.64172232,2512248,0,60,0
"554","RI",2016,17.64172232,2503416,0,60,0
"555","RI",2017,17.5487652133333,2492892,0,60,0
"556","RI",2018,16.9270523583333,2498388,0,60,0
"557","RI",2019,15.8903565433333,2494992,0,60,0
"558","RI",2020,17.79507686,2490576,0,60,0
"559","RI",2021,17.79507686,2490576,0,60,0
"560","RI",2022,17.79507686,2490576,0,60,0
"561","SC",2009,42.9877558869565,11141820,216,552,39.1304347826087
"562","SC",2010,42.9296081731884,11143416,216,552,39.1304347826087
"563","SC",2011,42.9243220173913,11141640,216,552,39.1304347826087
"564","SC",2012,42.9243220173913,11178288,216,552,39.1304347826087
"565","SC",2013,42.9243220173913,11236188,216,552,39.1304347826087
"566","SC",2014,42.9243220173913,11322768,216,552,39.1304347826087
"567","SC",2015,42.9243220173913,11429076,216,552,39.1304347826087
"568","SC",2016,43.6914228869565,11513856,206,552,37.3188405797101
"569","SC",2017,43.8436948815217,11608824,204,552,36.9565217391304
"570","SC",2018,43.8448430608696,11710920,204,552,36.9565217391304
"571","SC",2019,43.8422765391304,11834856,209,552,37.8623188405797
"572","SC",2020,43.8386834086957,11955480,216,552,39.1304347826087
"573","SC",2021,43.8386834086957,11955480,216,552,39.1304347826087
"574","SC",2022,44.7927898652174,11955480,210,552,38.0434782608696
"575","SD",2009,173.168750510606,1822260,264,792,33.3333333333333
"576","SD",2010,173.168750510606,1831440,264,792,33.3333333333333
"577","SD",2011,173.168750510606,1841088,264,792,33.3333333333333
"578","SD",2012,173.168750510606,1861176,264,792,33.3333333333333
"579","SD",2013,173.168750510606,1876104,264,792,33.3333333333333
"580","SD",2014,173.168750510606,1884756,264,792,33.3333333333333
"581","SD",2015,173.107855965152,1885224,264,792,33.3333333333333
"582","SD",2016,173.107855965152,1902504,264,792,33.3333333333333
"583","SD",2017,173.656625563636,1927248,240,792,30.3030303030303
"584","SD",2018,174.205395162121,1937508,216,792,27.2727272727273
"585","SD",2019,174.205395162121,1958568,216,792,27.2727272727273
"586","SD",2020,173.656625563636,1971096,240,792,30.3030303030303
"587","SD",2021,173.107855965152,1971096,264,792,33.3333333333333
"588","SD",2022,196.027001222475,1971096,528,792,66.6666666666667
"589","TN",2009,61.9887066784211,15299400,114,1140,10
"590","TN",2010,62.7674004031579,15291900,130,1140,11.4035087719298
"591","TN",2011,62.7288579821053,15328584,132,1140,11.5789473684211
"592","TN",2012,62.7801985119298,15412956,132,1140,11.5789473684211
"593","TN",2013,62.9001340031579,15462312,132,1140,11.5789473684211
"594","TN",2014,63.5605421347368,15521028,102,1140,8.94736842105263
"595","TN",2015,62.7520863294737,15575544,128,1140,11.2280701754386
"596","TN",2016,63.03203114,15634332,120,1140,10.5263157894737
"597","TN",2017,62.3490677891228,15753396,120,1140,10.5263157894737
"598","TN",2018,62.2494630329825,15903108,124,1140,10.8771929824561
"599","TN",2019,64.2130162949123,16018896,168,1140,14.7368421052632
"600","TN",2020,60.8061411163158,16145208,120,1140,10.5263157894737
"601","TN",2021,61.3087661347368,16145208,120,1140,10.5263157894737
"602","TN",2022,104.736999126491,16145208,458,1140,40.1754385964912
"603","TX",2009,73.5509983563517,63361308,231,3048,7.57874015748032
"604","TX",2010,73.5485874639633,64121064,240,3048,7.8740157480315
"605","TX",2011,73.4361449524803,64991196,240,3048,7.8740157480315
"606","TX",2012,73.6210093934711,65991828,242,3048,7.93963254593176
"607","TX",2013,89.4628140000853,66874656,334,3048,10.9580052493438
"608","TX",2014,133.103997958852,68013912,657,3048,21.5551181102362
"609","TX",2015,134.306167815036,69135360,660,3048,21.6535433070866
"610","TX",2016,134.105853808438,70046736,660,3048,21.6535433070866
"611","TX",2017,133.162290416706,70827156,660,3048,21.6535433070866
"612","TX",2018,131.684957714836,71584800,660,3048,21.6535433070866
"613","TX",2019,131.999492335407,72485856,660,3048,21.6535433070866
"614","TX",2020,132.333138690066,73385088,795,3048,26.0826771653543
"615","TX",2021,132.348853881667,73385088,830,3048,27.2309711286089
"616","TX",2022,281.001820496608,73385088,1833,3048,60.1377952755906
"617","UT",2009,118.818663493103,7152384,84,348,24.1379310344828
"618","UT",2010,118.751369694253,7250244,80,348,22.9885057471264
"619","UT",2011,118.870344567816,7340916,72,348,20.6896551724138
"620","UT",2012,119.198257441379,7439616,72,348,20.6896551724138
"621","UT",2013,119.198257441379,7556400,72,348,20.6896551724138
"622","UT",2014,119.782558682759,7653816,72,348,20.6896551724138
"623","UT",2015,119.708679717241,7767888,72,348,20.6896551724138
"624","UT",2016,119.708679717241,7937628,72,348,20.6896551724138
"625","UT",2017,119.708679717241,8114376,72,348,20.6896551724138
"626","UT",2018,119.708679717241,8277876,72,348,20.6896551724138
"627","UT",2019,119.708679717241,8432256,72,348,20.6896551724138
"628","UT",2020,118.089879355172,8560068,72,348,20.6896551724138
"629","UT",2021,116.471078993103,8560068,72,348,20.6896551724138
"630","UT",2022,114.933526454454,8560068,72,348,20.6896551724138
"631","VA",2009,38.3304242632331,19786680,300,1596,18.796992481203
"632","VA",2010,38.3528695647368,19854096,297,1596,18.609022556391
"633","VA",2011,38.1771581933083,19926840,312,1596,19.5488721804511
"634","VA",2012,38.1771581933083,20040648,312,1596,19.5488721804511
"635","VA",2013,38.2671686813283,20106204,302,1596,18.922305764411
"636","VA",2014,38.3645460913534,20145420,300,1596,18.796992481203
"637","VA",2015,39.3406567309774,20131308,310,1596,19.4235588972431
"638","VA",2016,40.794829944386,20123412,324,1596,20.3007518796992
"639","VA",2017,40.8732690862406,20172984,324,1596,20.3007518796992
"640","VA",2018,40.7968411958897,20219940,324,1596,20.3007518796992
"641","VA",2019,40.698749798584,20315616,324,1596,20.3007518796992
"642","VA",2020,40.4408562306015,20373216,334,1596,20.9273182957393
"643","VA",2021,40.2287214467669,20373216,330,1596,20.6766917293233
"644","VA",2022,40.0827962163158,20373216,272,1596,17.0426065162907
"645","VT",2009,30.5123880785714,1431180,48,168,28.5714285714286
"646","VT",2010,30.5123880785714,1418472,48,168,28.5714285714286
"647","VT",2011,30.1906656690476,1411032,48,168,28.5714285714286
"648","VT",2012,30.33192395,1400472,48,168,28.5714285714286
"649","VT",2013,30.33192395,1396032,48,168,28.5714285714286
"650","VT",2014,28.3109141642857,1387308,36,168,21.4285714285714
"651","VT",2015,28.3400298785714,1383936,24,168,14.2857142857143
"652","VT",2016,28.3374630238095,1373148,24,168,14.2857142857143
"653","VT",2017,28.3071526946429,1374672,24,168,14.2857142857143
"654","VT",2018,28.2547245285714,1377276,24,168,14.2857142857143
"655","VT",2019,28.2680396190476,1377996,24,168,14.2857142857143
"656","VT",2020,28.2746971642857,1378488,24,168,14.2857142857143
"657","VT",2021,28.2746971642857,1378488,24,168,14.2857142857143
"658","VT",2022,29.2391762392857,1378488,30,168,17.8571428571429
"659","WA",2009,41.1255161923077,16227624,24,468,5.12820512820513
"660","WA",2010,41.1255161923077,16296072,24,468,5.12820512820513
"661","WA",2011,41.572135932906,16448376,24,468,5.12820512820513
"662","WA",2012,43.0699445662393,16559772,24,468,5.12820512820513
"663","WA",2013,43.2658052666667,16654980,24,468,5.12820512820513
"664","WA",2014,43.4643533264957,16820604,10,468,2.13675213675214
"665","WA",2015,43.6061733692308,17036328,0,468,0
"666","WA",2016,39.835872083547,17331636,0,468,0
"667","WA",2017,38.9044857700855,17674392,0,468,0
"668","WA",2018,38.8970080435897,17969304,0,468,0
"669","WA",2019,32.3359269931624,18232212,0,468,0
"670","WA",2020,31.1750847589744,18460956,12,468,2.56410256410256
"671","WA",2021,28.894360407265,18460956,24,468,5.12820512820513
"672","WA",2022,37.5128424094017,18460956,24,468,5.12820512820513
"673","WI",2009,69.9597935388889,13247208,252,864,29.1666666666667
"674","WI",2010,69.7700056326389,13155324,255,864,29.5138888888889
"675","WI",2011,67.6823386638889,13101012,288,864,33.3333333333333
"676","WI",2012,66.2103300944444,13061532,333,864,38.5416666666667
"677","WI",2013,67.7137524023148,13056036,329,864,38.0787037037037
"678","WI",2014,69.6773900916667,13049676,336,864,38.8888888888889
"679","WI",2015,71.9826226553241,13017264,358,864,41.4351851851852
"680","WI",2016,87.3818301900463,12990780,379,864,43.8657407407407
"681","WI",2017,89.70993108125,13012836,324,864,37.5
"682","WI",2018,84.5158929186343,13049544,319,864,36.9212962962963
"683","WI",2019,79.3655419111111,13098648,336,864,38.8888888888889
"684","WI",2020,79.1904654550926,13118904,343,864,39.6990740740741
"685","WI",2021,79.0591453277778,13118904,348,864,40.2777777777778
"686","WI",2022,99.5705344486111,13118904,606,864,70.1388888888889
"687","WV",2009,76.0123720010909,4121652,324,660,49.0909090909091
"688","WV",2010,76.0625223010909,4102548,324,660,49.0909090909091
"689","WV",2011,76.0123720010909,4096092,324,660,49.0909090909091
"690","WV",2012,76.121048872303,4081872,324,660,49.0909090909091
"691","WV",2013,76.1992916374546,4059504,324,660,49.0909090909091
"692","WV",2014,76.1993368192727,4036848,324,660,49.0909090909091
"693","WV",2015,77.0627067010909,3992472,318,660,48.1818181818182
"694","WV",2016,78.1379471829091,3935232,312,660,47.2727272727273
"695","WV",2017,78.9775137329091,3872820,312,660,47.2727272727273
"696","WV",2018,79.0447197283636,3826704,312,660,47.2727272727273
"697","WV",2019,78.9432479404849,3792120,312,660,47.2727272727273
"698","WV",2020,78.8011874374545,3761220,312,660,47.2727272727273
"699","WV",2021,78.8011874374545,3761220,312,660,47.2727272727273
"700","WV",2022,91.456782428,3761220,428,660,64.8484848484848
"701","WY",2009,149.843285413043,1276872,228,276,82.6086956521739
"702","WY",2010,149.843285413043,1280508,228,276,82.6086956521739
"703","WY",2011,149.843285413043,1282848,228,276,82.6086956521739
"704","WY",2012,149.843285413043,1305900,228,276,82.6086956521739
"705","WY",2013,149.843285413043,1323564,228,276,82.6086956521739
"706","WY",2014,149.963453021739,1321440,228,276,82.6086956521739
"707","WY",2015,148.527869978261,1324380,228,276,82.6086956521739
"708","WY",2016,148.527869978261,1316268,228,276,82.6086956521739
"709","WY",2017,148.527869978261,1298400,228,276,82.6086956521739
"710","WY",2018,148.527869978261,1295388,228,276,82.6086956521739
"711","WY",2019,148.527869978261,1296264,228,276,82.6086956521739
"712","WY",2020,148.527869978261,1303044,228,276,82.6086956521739
"713","WY",2021,148.527869978261,1303044,228,276,82.6086956521739
"714","WY",2022,148.893222978261,1303044,228,276,82.6086956521739
